slug,name,category,income_proof_note,job_keep_note,repay_note,variant_set,sort,slug_ko
office-worker,직장인,급여소득,급여명세서(최근 1년)와 재직증명서로 증빙합니다. 본인이 발급받으므로 회사에 알려지지 않습니다.,직장 생활에 영향이 없습니다. 급여 압류가 이미 들어와 있다면 회생 절차에서 압류를 해제할 수 있습니다.,세후 월급에서 가구 생계비를 뺀 가용소득이 월 변제금입니다. 상여금·성과급은 연 단위로 평균해 반영합니다.,A,1,직장인
self-employed,자영업자·소상공인,사업소득,소득금액증명원과 부가세 과세표준증명(홈택스 발급)으로 증빙합니다. 매출 변동이 크면 최근 1년 평균으로 소명합니다.,폐업하지 않고 영업을 계속하면서 신청할 수 있습니다. 사업 유지가 변제의 전제이므로 법원도 영업 계속을 전제로 봅니다.,사업소득에서 매입·임대료 등 필요경비와 생계비를 뺀 금액이 기준입니다. 경비 산정 방식이 변제금을 좌우하므로 상담에서 꼼꼼히 잡습니다.,B,2,자영업자
freelancer,프리랜서(3.3%),사업소득,"소득금액증명원, 원천징수영수증, 입금 통장 거래내역으로 증빙합니다. 여러 거래처 수입은 합산해 월평균을 냅니다.",일을 계속하는 데 아무 제한이 없습니다. 거래처에 통지되지 않습니다.,월 수입이 불규칙하면 최근 1년 평균으로 산정합니다. 수입 증빙이 흩어져 있어도 통장 내역으로 정리할 수 있습니다.,C,3,프리랜서
public-servant,공무원·교사,급여소득,급여명세서와 재직증명서로 증빙합니다. 본인 발급이라 소속 기관에 알려지지 않습니다.,"개인회생은 공무원 결격사유가 아닙니다. 파산과 달리 신분·자격에 제한이 없고, 급여 압류만 없으면 기관에 통지되지 않습니다.",호봉·수당이 안정적이라 변제계획 인가가 비교적 수월한 편입니다. 공제회 대출이 있으면 채권자 목록에 반드시 포함해야 합니다.,A,4,공무원
soldier,군인,급여소득,급여명세서와 복무확인서로 증빙합니다. 본인 발급으로 진행되어 부대에 알려지지 않습니다.,개인회생은 군인사법상 결격사유가 아니어서 복무에 영향이 없습니다. 급여 압류가 있다면 절차에서 해제할 수 있습니다.,"군 급여와 수당 기준으로 산정하며, 관사 거주 등 주거비 절감분은 생계비 산정에 반영됩니다.",B,5,군인
nurse,간호사·의료종사자,급여소득,급여명세서와 재직증명서로 증빙합니다. 교대·야간 수당은 연평균으로 반영합니다.,"면허와 무관한 절차라 간호사·의료기사 면허에 영향이 없고, 병원에 통지되지 않습니다.",수당 비중이 큰 급여 구조는 최근 1년 평균으로 산정해 변제금이 과도하게 잡히지 않도록 합니다.,C,6,간호사
driver,택시·버스·화물 기사,특수형태,"운수회사 소속은 급여명세서, 개인·지입 기사는 소득금액증명원과 운송료 입금 내역으로 증빙합니다.",운전 업무를 계속하면서 신청할 수 있습니다. 영업용 차량이 생계 수단이면 유지하는 방향으로 변제계획을 짭니다.,지입료·유류비 등 필요경비를 뺀 실소득 기준입니다. 차량 할부금이 남아 있으면 담보채무 처리 방향을 먼저 정합니다.,A,7,운수기사
delivery-rider,배달라이더·플랫폼 노동,특수형태,"플랫폼 정산 내역과 통장 입금 내역, 소득금액증명원으로 증빙합니다. 여러 플랫폼 수입은 합산합니다.",일을 계속하는 데 제한이 없습니다. 플랫폼 계정이나 등급에도 영향이 없습니다.,월 수입 변동이 크므로 최근 1년 평균으로 산정합니다. 오토바이 할부·리스가 있으면 유지 여부를 함께 정합니다.,B,8,배달라이더
construction-worker,건설일용직,특수형태,일용근로소득 지급명세서(홈택스 조회)와 통장 입금 내역으로 증빙합니다. 현장이 바뀌어도 합산해 월평균을 냅니다.,일용직도 계속적·반복적 소득으로 인정됩니다. 일하는 데 아무 제한이 없습니다.,동절기 등 비수기를 반영한 연평균 소득으로 산정해 무리한 변제금이 잡히지 않도록 합니다.,C,9,건설일용직
housewife,주부,무소득·기타,"본인 명의 소득이 없으면 개인회생이 어렵지만, 파트타임·부업 소득이 있으면 가능합니다. 소득이 전혀 없으면 개인파산을 검토합니다.",가사와 병행하는 파트타임 소득으로도 요건이 되면 신청할 수 있습니다. 배우자에게 채무가 넘어가지 않습니다.,본인 소득 기준으로 산정하되 배우자 소득은 가구 생계비 계산에 반영됩니다. 상담에서 회생과 파산 중 유리한 쪽을 비교해드립니다.,A,10,주부
unemployed,무직·구직자,무소득·기타,"현재 소득이 없으면 개인회생 요건(정기 소득)이 되지 않습니다. 취업 예정이면 취업 후 신청하고, 어렵다면 개인파산을 검토합니다.",구직 활동에 영향이 없습니다. 파산의 경우에도 면책되면 자격 제한이 사라집니다.,"취업 후 첫 급여부터 소득으로 인정되므로, 취업 시점에 맞춰 신청 일정을 잡는 것이 좋습니다.",B,11,무직자
youth,20대 청년·학생,무소득·기타,아르바이트·계약직 소득도 계속적 소득으로 인정될 수 있습니다. 급여명세서나 통장 입금 내역으로 증빙합니다.,"학업·취업 준비와 병행할 수 있고, 취업 시 불이익이 없습니다. 신용 기록은 면책 후 정리됩니다.",소득이 적으면 변제금도 그만큼 낮게 산정됩니다. 학자금 대출 중 정부 보증 학자금은 감면 범위가 다르니 상담에서 확인합니다.,C,12,청년
senior,60대 이상 은퇴자,무소득·기타,국민연금 등 정기 연금 수령액도 소득으로 인정됩니다. 연금 수급증명서로 증빙합니다.,연금 수급에 영향이 없습니다. 일정 금액 이하 연금은 압류가 금지되어 있어 절차 중에도 보호됩니다.,연금과 근로소득을 합산해 산정합니다. 소득이 생계비에 못 미치면 개인파산이 유리할 수 있어 두 제도를 함께 비교합니다.,A,13,은퇴자
ceo,법인 대표·임원,사업소득,"법인 급여는 급여명세서, 개인사업 겸업 소득은 소득금액증명원으로 증빙합니다. 법인 채무와 개인 채무를 먼저 구분합니다.",대표이사직 유지에 제한이 없습니다. 다만 법인 채무에 개인 연대보증을 섰다면 그 보증채무가 개인회생 대상이 됩니다.,연대보증 채무가 큰 경우가 많아 채무 한도(무담보 10억)를 먼저 확인합니다. 한도를 넘으면 일반회생 등 다른 절차를 안내합니다.,B,14,법인대표
finance-worker,금융권 종사자,급여소득,급여명세서와 재직증명서로 증빙합니다. 본인 발급으로 회사에 알려지지 않습니다.,"회사 내규에 따라 신용 관련 불이익 여부가 다를 수 있어, 신청 전에 내규 확인이 필요합니다. 법령상 당연 결격은 아니며 상담에서 회사별 상황을 함께 검토합니다.",급여가 안정적이라 인가는 수월한 편입니다. 사내 대출이 있으면 채권자 목록에 포함해야 하므로 처리 순서를 상담에서 정합니다.,C,15,금융권
service-worker,유흥·서비스업 종사자,특수형태,"현금 수입 비중이 커도 통장 입금 내역, 원천징수 자료, 근무 확인서로 증빙할 수 있습니다. 증빙이 약하다고 미리 포기하지 않으셔도 됩니다.","일을 계속하는 데 제한이 없고, 업소나 동료에게 알려지지 않습니다.",실제 수입 기준으로 산정하되 증빙 가능한 범위로 정리하는 것이 중요합니다. 상담에서 증빙 계획부터 함께 세웁니다.,A,16,서비스업
